branch_predictor,prefetcher,workload,NRH,Prac Level,ABO_Only,ABO_RFM,TPRAC,TPRAC-TREFper4tREFI,TPRAC-TREFper3tREFI,TPRAC-TREFper2tREFI,TPRAC-TREFpertREFI
hashed_perceptron,spp_dev,nutch,128.0,1.0,0.9851840359927082,0.7594151184889267,,0.638405150680681,0.6497304425396578,0.6549276655160378,0.6949540394833805
hashed_perceptron,spp_dev,nutch,512.0,1.0,0.9903424737229958,0.9401155800333552,,0.8921770158631657,0.8916728076639646,0.9074196175774736,0.9361982701780244
